sex,s6,s3,s4,age,s5,s2,bmi,bp,target,s1
-0.045,0.008,-0.0,0.071,0.013,0.008,0.049,-0.037,-0.013,202.0,0.024
0.051,0.041,0.016,-0.039,0.042,-0.051,-0.022,-0.05,-0.033,129.0,-0.0
0.051,0.0,-0.043,0.034,-0.045,0.036,0.035,0.054,0.022,220.0,0.02
-0.045,-0.069,-0.025,-0.039,0.0643,-0.028,0.012,-0.061,-0.054,109.0,0.012
-0.045,0.074,-0.0691,0.034,0.034,0.074,0.045,0.057,0.07,310.0,0.045
-0.045,-0.005,0.071,-0.039,-0.064,-0.0,-0.063,-0.019,-0.026,90.0,-0.063
0.051,0.071,0.054,-0.003,0.067,-0.019,-0.0371,-0.046,-0.037,1780.061,-0.037
-0.0,0.071,-0.056,-0.003,-0.006,0.057,-0.004,-0.02,-0.053,101.0,-0.001
0.051,0.032,-0.054,0.034,0.053,0.016,0.058,0.046,0.0515,248.0,0.0
-0.045,-0.014,0.052,-0.003,0.016,-0.038,0.02,-0.031,-0.029,258.0,0.027
-0.045,-0.077,-0.041,-0.039,-0.096,-0.076,-0.074,-0.0771,0.057,132.0,-0.057
-0.045,-0.009,0.063,-0.039,-0.024,-0.012,-0.014,-0.0221,-0.025,70.0,-0.011
-0.045,0.028,-0.074,0.071,0.005,0.002,0.046,0.0,0.084,104.0,0.032
-0.045,-0.065,0.0,-0.039,0.03,-0.076,-0.073,-0.055,-0.024,48.0,-0.071
-0.045,-0.001,0.014,0.034,-0.075,0.016,-0.047,-0.026,-0.016,2001.0,0.016
0.051,0.063,-0.043,0.034,0.016,0.099,-0.073,0.06,0.056,71.0,-0.097
0.051,0.047,-0.04,0.034,-0.027,0.018,0.018,-0.038,0.012,2721.0,-0.018
0.051,-0.038,-0.014,-0.039,-0.002,-0.051,-0.037,-0.026,-0.0,47.0,-0.084
-0.045,-0.0,-0.076,-0.039,0.085,-0.067,-0.073,-0.031,-0.068,95.0,-0.074
-0.045,0.0,-0.018,-0.003,-0.071,-0.043,-0.008,-0.007,-0.0,77.0,-0.037
-0.045,-0.071,0.014,-0.039,0.036,0.041,-0.058,-0.051,-0.0165,72.0,-0.05
0.051,0.001,-0.056,-0.039,0.042,0.04,-0.03,0.064,0.047,151.0,-0.02
-0.045,-0.003,0.008,-0.003,-0.002,-0.051,0.005,-0.071,-0.03,71.0,0.005
-0.045,-0.007,0.063,-0.003,0.002,-0.001,0.07,0.043,0.0,258.0,0.075
-0.045,-0.036,0.052,-0.0761,-0.053,-0.076,-0.073,-0.044,-0.006,63.0,-0.071
-0.045,0.009,0.036,-0.003,0.067,0.066,-0.0,-0.025,0.032,72.0,-0.013
-0.045,0.071,-0.0,-0.039,0.013,0.078,-0.004,-0.096,0.057,258.0,-0.021
0.051,0.02,-0.01,0.071,-0.002,-0.059,0.036067,0.072,-0.058,85.0,0.02
0.051,-0.018,0.008,-0.039038,-0.027,-0.096,0.04,-0.072,-0.033,103.0,0.037
-0.045,-0.071,0.019,-0.076,-0.016,-0.061,-0.037,-0.0681,-0.023,63.0,-0.056
