sex,s6,s3,s4,age,s5,s2,bmi,bp,target,s1
-0.045,-0.007,0.063,-0.003,0.002,-0.001,0.07,0.043,0.0,258.0,0.075
-0.045,0.078,-0.056,-0.076,0.013,0.04,-0.056,0.029,0.006,71.0,-0.0
0.051,-0.0,-0.043,0.034,0.024,0.034,0.049,0.016,0.053,1911.0,-0.014
0.051,-0.031,-0.003,-0.003,0.002,-0.016,-0.014,-0.019,0.077,182.0,-0.029
0.051,0.071,-0.04,0.034,0.016,0.036,0.004,0.015,0.0,168.0,0.004
0.051,-0.014,-0.0,0.0341,0.067,-0.024,-0.005,0.041,0.044,277.0,-0.004
-0.045,0.0711,-0.043,0.034,-0.009,0.009,0.0,0.04,0.008,118.0,0.035
0.051,0.022,-0.003,-0.0,0.016,0.036,0.053,-0.012,0.022,63.0,-0.055
0.051,0.04,-0.0,0.071,0.0,0.026,0.073,0.096,0.016,272.0,0.073
-0.0451,-0.051,-0.04,-0.076,-0.0531,-0.076,-0.003,0.056,0.056,259.0,-0.016
0.051,0.003,0.001,0.071,0.016,-0.023,0.08,0.009,-0.026,259049.0,0.0841
0.051,-0.0421,0.04,-0.076,-0.082,-0.051,-0.014,-0.018,-0.006,72.0,-0.018
-0.045,0.022,0.058,0.071,0.0,0.074,0.015,0.074,0.029,142.0,0.03
-0.045,-0.059,0.004,-0.039,0.0,-0.037,0.02,-0.026,-0.026,77.0,0.04
0.0,0.022,-0.018,-0.039,0.085,-0.063,-0.071,0.012,-0.033,971.0,-0.08
-0.045,0.016,0.063,-0.039,-0.013,-0.0,-0.035,0.002,0.053,55.0,-0.037
0.051,0.027,0.016,-0.003,0.0,-0.001,0.001,-0.053,-0.032,71.0,0.002
0.051,0.001,-0.056,-0.039,0.042,0.04,-0.03,0.064,0.047,151.0,-0.02
-0.045,-0.0511,-0.014,-0.039,-0.027,-0.042,-0.019,-0.019,-0.0162,66.0,-0.018
0.051,0.019,-0.043,0.034,-0.067,0.04,0.016,-0.068,0.056,83.0,0.015
-0.045,-0.038,0.049,-0.003,0.031,-0.061,-0.047,-0.005,-0.037,770.068,-0.0
0.051,-0.001,0.034,-0.039,-0.024,-0.027,0.044,-0.0,-0.022,131.0,0.054
0.051,0.015,0.012,0.034,-0.085,0.0711,-0.014,-0.057,0.076,265.0,-0.014
-0.045,-0.018,0.004,-0.003,0.082,-0.0591,-0.025,-0.018,-0.036,84.0,-0.032
0.051,-0.018,0.008,-0.039038,-0.027,-0.096,0.04,-0.072,-0.033,103.0,0.037
0.051,0.04,-0.032,-0.003,-0.013,-0.033,0.027,-0.07,-0.033,230.0,0.021
-0.045,-0.0611,0.071,-0.039,-0.027,-0.016,-0.019,0.079,0.063,55.0,-0.019
-0.045,-0.057,-0.007,-0.076049,0.071,-0.041,-0.0,-0.054,-0.058,48.0,-0.074
0.051,-0.0,-0.007,-0.039,0.013,-0.051,-0.039,-0.051,-0.0,48.0,-0.044
0.051,0.0,0.001,0.034,0.013,0.005,0.006,-0.061,0.053,265.0,0.02
